Country_Name,Country_Code,2003_PIB,2004_PIB,2005_PIB,2006_PIB,2007_PIB,2008_PIB,2009_PIB,2010_PIB,2011_PIB,2012_PIB,2013_PIB,2014_PIB,2015_PIB,2016_PIB,2017_PIB,2018_PIB
Afganistan,AFG,9347.568466,10102.12047,12012.15789,13167.16829,17911.78803,18578.80856,21542.38899,24883.27932,28234.4063,33015.04465,35290.49568,35254.4649,35531.19664,34562.14728,35415.6425,35717.11525
Angola,AGO,73335.07574,104891.5781,165813.4195,208922.2175,239476.1096,306206.9092,247724.5772,329746.972,433553.0661,486895.9466,507192.31,531659.7319,500290.4977,573791.2665,679560.9,831805.91
Albania,ALB,222968.1381,243696.8667,267031.938,291636.2216,325091.6611,366664.7157,390753.2112,425553.2624,447689.0811,459526.4517,466324.6108,482954.1027,497901.5608,511970.588,539644.5779,570655.9886
Andorra,AND,28592.96002,30580.37354,32217.27719,34016.89035,34925.37855,33260.11781,31313.59293,30815.16655,31132.10025,30109.6728,29768.73747,31089.46764,32232.76205,33854.61273,34489.94169,35390.35919
"Emiratos Arabes Unidos",ARE,123025.4218,133433.8601,144569.556,153904.9473,153545.4489,163422.336,117608.8069,124473.1572,143942.4499,150486.1952,155760.3847,160678.6283,141991.277,140075.9322,149268.0428,161000.0362
Argentina,ARG,9869.533784,12603.02264,14977.9962,18221.08665,22602.90057,28683.67019,30826.16911,40739.98408,52810.11674,63208.89269,79338.28508,107315.2117,138053.3152,188760.9565,242031.4278,326843.1266
Armenia,ARM,538329.7901,635829.201,752324.2284,897874.967,1073881.221,1227199.584,1087794.641,1202578.755,1313365.441,1479237.779,1572219.546,1657952.66,1723993.105,1725831.583,1889593.96,2038445.736
"Antigua y Barbuda",ATG,29158.51198,30911.0486,33904.13061,37793.69801,42182.77676,43317.56385,38232.19514,35232.99405,34414.75357,35835.59159,34856.30928,36454.26849,38572.45153,41033.56713,41535.22101,45016.40945
Australia,AUS,40258.55223,42779.44494,45225.79285,48141.59891,52170.82141,55405.05054,58093.41822,59060.71919,63411.83877,65958.18103,66425.90933,68093.00482,68214.70193,68650.34039,71635.6812,73993.63912
Austria,AUT,28549.48696,29656.05339,30879.95995,32390.38314,34232.82684,35301.57438,34523.89653,35379.92903,36956.84623,37799.92648,38197.75484,38981.06632,39833.53233,40931.8461,41982.20962,43590.40491
Azerbaiyan,AZE,867.9151334,1026.930717,1492.22162,2209.451297,3304.918835,4580.094484,3979.046953,4690.020202,5677.699164,5889.089075,6178.531329,6189.156902,5635.618018,6192.494793,7137.970819,8057.730907
Burundi,BDI,122950.3022,141287.0604,164055.2124,172177.4446,186618.0442,235185.2093,260966.3778,288285.1242,314736.126,364029.2417,399621.0178,425119.1324,480293.1684,466924.2881,506609.0183,484501.2849
Belgica,BEL,27100.67421,28482.46789,29587.64501,30826.01391,32338.47182,32842.57579,32091.23555,33329.10226,34060.41022,34768.80024,35206.1718,35953.36343,36960.63116,37955.10396,39119.55333,40292.04728
Benin,BEN,412472.3508,421208.1697,433820.2694,447224.7857,462457.4487,501939.7095,512035.9435,512871.091,532639.631,584658.8554,617972.3743,637643.0201,636615.4082,644332.8578,659970.2518,689214.3831
"Burkina Faso",BFA,217245.4824,220626.0298,241449.338,247342.2778,256098.9823,286958.4431,293545.4603,320545.4842,353989.2045,387002.0335,388931.2051,391473.8846,386254.5542,407860.6043,426779.4401,451631.7989
Bangladesh,BGD,25841.38717,27980.43532,30716.90932,34227.432,38539.06147,43566.46194,48317.47684,54042.78341,61352.28921,69877.44938,78481.70161,86957.86615,97007.45076,109695.1754,123743.2118,139472.8895
Bulgaria,BGR,4712.073589,5339.127573,6138.844613,7052.793164,8409.814113,9715.014933,9830.347818,10064.64912,10983.95635,11256.4834,11280.59914,11612.07654,12449.4929,13346.37565,14463.79884,15621.74932
Bahrein,BHR,5347.485836,5958.300596,6752.680046,7259.661233,7887.180368,8673.016693,7277.820157,7791.523621,8465.353468,8894.036123,9303.855656,9396.014445,8510.428611,8500.790088,8927.362366,9020.637311
"Bosnia y Herzegovina",BIH,3855.484583,4433.624834,4687.592937,5326.68167,5992.330948,6797.412867,6637.829643,6845.269105,7164.711329,7274.039854,7559.057247,7856.947983,8336.554244,8831.099261,9361.773603,10061.60992
Belarus,BLR,373.2340188,513.7826298,673.2995892,825.2746196,1016.272123,1362.206175,1494.633558,1796.157307,3243.317022,5786.01077,7085.238882,8504.847374,9474.546705,9993.01797,11133.42396,12898.16132
Belice,BLZ,7300.733043,7604.591615,7766.384778,8307.789475,8504.9745,8808.661671,8372.97993,8541.728689,8846.979593,9011.242604,9137.005915,9411.205379,9551.911297,9636.807818,9775.154417,9769.468323
Brasil,BRA,9449.19158,10639.57749,11661.84005,12804.82424,14307.35076,16194.33019,17190.67195,19854.75871,22157.26059,24159.89427,26520.73048,28500.92005,29323.29988,30409.56057,31675.87764,32888.7097
Barbados,BRB,23398.91153,25025.06502,27645.18335,30398.91595,33541.44241,34185.16428,31771.15943,32112.74195,32916.70642,32499.11879,32902.32715,32978.14447,33050.1465,33800.3331,34782.85173,35490.38693
"Brunei Darussalam",BRN,32336.29226,37018.90923,43449.62642,49223.93002,49227.26121,53760.59839,40664.38139,48090.03566,59191.54254,59656.54742,55978.79438,52867.83529,42848.15633,37513.10148,39455.27749,42663.45271
Bhutan,BTN,44814.47377,48420.8749,54174.28442,60302.04469,72656.86339,79533.998,88059.57044,103257.2307,119628.5104,135674.1599,144895.6185,161863.3303,176588.639,196920.0592,214027.0032,221820.3883
Botswana,BWA,21437.74416,23809.60484,28210.04537,32194.91445,35805.98712,39005.73198,37605.54892,43715.5641,52088.79291,53869.90661,60681.7609,69839.92284,68875.88503,78966.8784,81674.43432,84451.93774
"Republica Centroafricana",CAF,170676.3563,169440.7251,174677.8784,185454.1534,193803.0162,208046.7716,224149.3905,241668.1256,260011.4606,288873.1104,187829.1129,209574.6695,223136.8944,238340.8111,261818.2483,264366.7668
Canada,CAN,39511.94203,41676.63437,43947.36556,45813.73088,47843.68038,49716.27917,46607.68663,48879.17734,51542.12686,52635.63159,54221.46037,56293.49303,55750.13666,56094.20594,58590.92555,60010.52681
Suiza,CHE,64759.5482,66328.47364,68427.06937,72193.17955,76291.70704,78511.58594,76088.07876,77806.72772,78516.79364,78332.50184,78891.04521,79343.77759,78993.79648,79001.26807,79218.43918,80986.44767
Chile,CHL,3299749.934,3775948.814,4253407.411,5018814.38,5487104.253,5617228.822,5725766.426,6535289.401,7079557.392,7468089.13,7846578.883,8367576.831,8879192.718,9310602.153,9732098.181,10212201.3
China,CHN,10666.1002,12486.94411,14368.03172,16737.99597,20494.37726,24100.20819,26179.53996,30807.93268,36301.56164,39874.2835,43684.39417,47172.70808,50236.88526,54138.97208,60014.35006,66005.69594
Camerun,CMR,503295.1293,533537.5994,533734.4594,555381.1487,572278.0362,614275.4463,620786.169,636560.5717,662148.7652,691571.7962,723878.4384,761680.0176,784835.3155,808509.6637,827498.4028,852329.156
Colombia,COL,6565081.485,7314439.2,7924407.514,8833241.696,9797219.375,10768371.97,11208344.02,12030683.97,13556411.75,14465470.87,15358327.64,16243139.49,16933516.53,17930070.36,18819749.25,19853202.48
Comoras,COM,407833.5285,419660.4982,422739.6763,436858.3629,445165.3627,466029.3444,474312.7388,488547.0616,511763.1824,537366.4645,557618.627,560598.6384,550981.1892,565816.3984,576510.1512,589865.4607
"Cabo Verde",CPV,176753.513,179771.0265,186132.9239,207567.4063,256754.3569,280130.1895,279201.1104,281269.4457,296526.4525,297586.8277,300388.4189,297983.7557,302432.0749,312121.6697,322043.4741,337824.7463
"Costa Rica",CRI,1646319.408,1920494.158,2224447.686,2659274.081,3136780.395,3609491.564,3875700.634,4281258.108,4612634.709,4985368.158,5242594.379,5677713.257,6040131.43,6355178.193,6704955.349,6988368.477
Cuba,CUB,3197.133754,3395.71205,3786.664795,4683.566155,5208.716073,5411.271418,5529.67036,5730.354775,6139.71933,6497.321113,6837.712892,7133.342095,7694.01192,8060.795886,8541.210673,8821.818891
Chipre,CYP,17882.72702,19034.09709,20069.7403,21305.94369,22827.5431,24165.78019,23112.23276,23401.13039,23273.56352,22502.33175,20877.30918,20420.46958,21030.67725,22162.67772,23315.01223,24294.44365
Alemania,DEU,26795.80881,27419.0808,27747.37526,28953.4202,30383.61774,31013.11645,29861.55201,31358.47726,33554.16469,34134.68333,34860.5482,36148.92106,37046.21801,38066.67476,39438.40112,40484.6311
Djibouti,DJI,145529.7963,153414.3854,160789.4757,171975.0353,187091.4556,217505.0652,225228.0983,238727.062,257969.6699,277109.8077,411020.4757,437962.3154,472553.7039,498006.4599,517944.2989,558376.552
Dominica,DMA,13223.09272,14086.52212,13932.60565,14899.67759,16070.55301,17466.69349,18637.71436,18811.61997,19075.66699,18490.66441,18945.02647,19758.88021,20510.37467,21818.61528,19641.7476,20773.47295
Dinamarca,DNK,266530.2879,278655.6368,292647.6741,309394.1607,318385.9811,327920.3119,311807.511,326429.1779,331537.5177,338903.3091,343668.8163,351054.0918,358293.712,367982.6359,380393.3408,388971.2771
"Republica Dominicana",DOM,71026.95189,104294.4537,119095.7891,136830.7444,156166.4231,175685.0818,181276.8862,204556.6716,225228.4354,240261.5678,260719.6751,287812.4812,311783.2043,335389.3737,361705.3542,398586.7131
Argelia,DZA,162791.2361,188091.4701,228116.1074,252716.5213,273740.6464,317981.7929,282109.5707,333307.8174,397925.7064,433598.518,436493.4815,442625.0242,420677.2272,431911.9234,456065.8556,484325.3818
Ecuador,ECU,2425.851842,2691.278081,3002.136867,3328.882972,3567.836438,4249.019262,4231.615798,4633.590358,5200.55579,5682.045007,6056.330827,6377.09153,6124.491643,6060.093329,6213.501276,6295.935399
Eritrea,ERI,4643.343318,5622.128551,5971.890985,6381.187716,6762.427616,6928.47992,9149.816053,7708.342861,9878.555258,0,0,0,0,0,0,0
Espana,ESP,19016.61019,20023.27716,21243.75661,22609.99138,23781.0088,24144.54543,23064.17284,23030.92454,22757.84386,22044.72212,21886.46536,22206.07604,23201.50496,23961.76135,24936.38776,25732.88026
Estonia,EST,6381.781108,7174.958717,8367.78358,10068.62289,12231.6608,12443.6545,10649.4202,11161.08151,12676.1531,13646.92794,14441.14971,15351.31167,15799.07588,16667.92421,18109.94213,19620.32168
Etiopia,ETH,1025.2873,1176.27089,1405.302977,1690.062115,2148.251411,3017.582026,3965.14891,4402.974095,5714.210763,8059.429635,9088.577328,10814.23573,12872.07363,15135.55995,17225.42845,20143.09804
Finlandia,FIN,29109.64751,30365.87167,31392.29629,32831.02949,35371.88582,36561.34237,34042.21604,35079.36828,36746.10339,37133.00274,37566.10624,37882.73284,38577.2067,39582.53075,41017.46955,42364.77942
Fiji,FJI,5380.07612,5779.436578,6188.348645,6488.296472,6557.305158,6642.016133,6576.660337,7006.643383,7838.897607,8218.425698,8913.653409,10579.95349,11307.62725,11837.81593,12610.22064,13187.12414
Francia,FRA,26197.58995,27175.21495,27950.66698,29049.21225,30326.06187,30949.59993,29925.98642,30683.76895,31501.09316,31812.5202,32079.25939,32418.91103,33035.14778,33483.08731,34356.73874,35252.06974
Gabon,GAB,2860886.713,3026700.497,3633531.073,3772607.387,4048404.326,4573354.67,3631137.312,4378610.561,5094030.756,5010332.866,4782714.456,4771388.73,4365930.424,4139024.787,4198378.109,4419481.072
"Reino Unido",GBR,21081.7281,22006.56949,23116.65764,24239.93563,25273.29993,25724.12718,24849.96292,25522.06106,26237.98962,26880.92968,27789.75507,28821.94686,29438.07287,30413.51244,31360.92617,32264.4132
Georgia,GEO,2167.174123,2501.51502,2977.832752,3553.780113,4402.35866,4956.516248,4715.265942,5762.70336,6782.670086,7301.748463,7691.138639,8367.984849,9109.392163,9613.937473,10933.89385,11968.01652
Ghana,GHA,318.827695,375.5485943,445.8510023,835.8467862,1008.295708,1280.717286,1514.11538,1858.063278,2356.113289,2897.140502,4647.161503,5709.295192,6477.708911,7551.346551,8813.81901,10098.26197
Guinea,GIN,781546.5916,913953.9749,1174990.205,2334461.366,2770485.773,3290654.603,3236340.811,3850349.871,4335279.631,5009193.839,5312185.499,5521781.348,5758278.737,6567132.978,7775726.595,7917179.023
Guinea-Bissau,GNB,215753.0751,213611.5028,230135.3974,224645.2296,236312.3192,267597.8758,263088.8032,276182.3698,331600.5423,314694.8706,313459.7076,307764.298,356737.8009,391982.9596,428843.9738,432331.7334
"Guinea Ecuatorial",GNQ,2103117.511,3250077.42,5782785.41,6722973.731,7624364.046,10273810.46,7870371.418,8554429.183,10198701.18,11084766.06,10070968.11,9575943.885,6670916.883,5481798.517,5613738.024,5634558.058
Grecia,GRC,16371.13443,17682.64087,18133.85073,19769.00287,21061.24466,21844.54444,21385.95637,20324.11802,18643.02188,17311.33704,16475.22113,16401.9193,16381.13599,16377.91592,16757.1338,17210.06595
Granada,GRD,15343.00947,15502.31631,17943.64663,17978.06029,19473.76842,21147.54305,19684.88217,19595.94288,19685.85902,20100.16287,21032.39623,22598.69424,24561.55074,25996.53821,27412.64859,28311.94932
Guatemala,GTM,14018.48113,15016.43608,16042.96008,17394.26007,19422.70361,21534.68389,21997.31787,23359.09658,25549.09417,26703.05752,27677.72839,29224.95034,30578.14664,31716.67533,32708.81667,33632.57231
Guyana,GUY,193337.3862,209496.7797,220961.1037,638328.2169,740283.7172,824873.1624,863476.2535,932786.8651,1001434.903,1099188.864,1127432.146,1116289.397,1151616.084,1200049.004,1264798.038,1276594.104
Honduras,HND,20097.2965,22176.10082,24634.37049,27021.214,29911.84755,32880.38837,33816.68614,35982.81689,39504.86937,41819.39847,42795.76079,46298.85315,50522.26971,53492.92051,57630.95247,59894.82997
Croacia,HRV,54038.16107,58298.78845,62632.9278,68278.50681,74767.93898,80425.38503,76831.9711,76693.54471,78071.39525,77565.27432,78010.91493,78171.65697,80802.71591,84132.1374,89101.29033,94273.81894
Haiti,HTI,22728.12019,26341.29855,29888.72322,32861.52467,36693.36794,41201.69916,46793.46263,47246.82344,51891.79779,55604.00002,60114.76857,62567.03693,67451.61542,76431.47136,84952.60269,93894.10923
Hungria,HUN,1888909.895,2085401.458,2235439.149,2414398.339,2555880.2,2711382.273,2639847.146,2743120.691,2858231.177,2915253.496,3061828.458,3318530.806,3549447.69,3685283.089,4008333.294,4434224.051
Indonesia,IDN,9140209.039,10282012.9,12259877.14,14561495.32,17002285.26,21016237.31,23494217.33,28383630.91,31951073.85,34677483.69,37910608.8,41428865.92,44609441.72,47415515.66,51350980.38,55436453.25
India,IND,25123.45475,28207.02692,31649.47057,36505.18257,41401.47772,45925.63705,52281.09951,61853.58968,69874.50816,78560.1857,87703.91195,96232.7804,105116.5793,116206.5502,127727.1203,140255.7583
Irlanda,IRL,36420.73568,38362.01601,40911.17965,43287.65481,44829.42694,41823.63599,37505.28876,36782.14841,37297.78559,38072.48671,38855.62423,41826.76663,55898.72855,57132.38247,61807.12624,66574.30687
Iraq,IRQ,1153689.475,2023093.655,2731328.39,3482495.008,3993222.138,5531863.126,4509110.894,5446847.244,7062583.604,7964876.525,8251638.792,7950726.188,5824763.29,5646647.585,6152650.717,6895984.461
Islandia,ISL,3024170.095,3324789.779,3568454.484,3977353.421,4423271.317,4961121.085,5110397.734,5259444.575,5509773.577,5742553.321,6050583.351,6333687.103,6934231.607,7425899.74,7618830.23,7902523.533
Israel,ISR,86433.73694,89177.53708,92296.93496,97302.99105,102391.644,106089.2803,108986.1986,114762.5771,120472.9175,125360.7916,131104.7172,134812.2417,139058.44,143336.1852,145932.6846,149797.0992
Italia,ITA,24334.58831,25176.57567,25765.88917,26704.17173,27633.23922,27839.37459,26690.01029,27182.01098,27766.43818,27281.93518,26774.78986,26771.32132,27257.35446,27970.58853,28686.60733,29311.67679
Jamaica,JAM,200967.9502,228498.1918,255574.9027,284756.7553,319927.5204,358550.8484,381036.8773,410175.2026,439042.1698,462373.3169,500902.3304,536234.1121,574029.7286,605877.4264,648675.5753,690008.5353
Jordania,JOR,1330.26934,1449.8785,1548.027876,1781.739453,1939.386646,2452.558066,2527.380666,2653.019011,2735.454465,2776.034374,2871.061817,2932.924129,2956.516592,2965.378126,3006.426224,3061.647883
Japon,JPN,4035458.588,4077655.936,4102062.251,4120948.113,4153781.611,4066090.128,3822822.87,3906878.27,3844144.313,3878093.537,3948178.43,4037493.322,4178980.817,4217010.608,4305666.825,4324108.051
Kazajstan,KAZ,309341.3195,391003.8077,501127.5479,667211.5988,829865.3233,1024175.016,1056846.773,1336581.796,1705786.666,1847011.804,2113170.699,2294954.815,2330535.583,2639710.285,3014720.762,3382460.617
Kenya,KEN,32636.15481,35760.32858,38654.71833,49457.87054,55581.89375,62400.96466,70013.75392,75405.28256,86291.53326,96099.28518,104242.1259,115688.4295,131253.2019,143174.7545,162596.6287,173021.7962
Camboya,KHM,1441733.781,1640714.081,1940300.2,2214729.88,2561570.035,3022823.911,3055054.743,3287261.621,3580715.087,3834900.435,4081297.308,4414990.869,4730406.488,5152883.181,5611106.368,6125877.675
Kiribati,KIR,1566.1451,1538.124178,1590.461955,1551.699649,1642.607768,1702.605279,1682.24512,1653.6283,1682.100298,1727.338535,1777.18973,1822.480826,2053.321915,2131.882976,2140.524536,2272.946214
Kuwait,KWT,6600.216689,7960.356139,10392.57369,12415.15256,13011.323,14917.04283,10810.24939,11056.31101,13422.3468,14548.95154,14006.47577,12540.13543,8987.741394,8353.991471,9026.037086,10266.30334
Libano,LBN,6898909.049,6980915.279,6896971.559,6974991.161,7850752.47,9212833.61,11087592.56,11700681.63,11569814.29,11985673.28,11956103.82,11587030.97,11524157.1,11502060.86,11760276.83,12097390.93
Liberia,LBR,243.0893405,286.0649989,294.8930368,336.1156743,396.6017613,478.3999379,470.9476196,513.4456986,596.8970811,657.9362563,721.9300554,721.1827948,710.3838577,714.6233922,698.7017644,677.3221785
Libia,LBY,5981.624208,7540.777359,10680.4833,12264.23812,14267.62159,17598.52035,12880.04664,15283.66418,6799.426133,16433.99753,13179.63109,8228.496628,5991.533915,5610.534176,8023.6863,10752.27187
Liechtenstein,LIE,121003.6576,124680.7152,131262.0632,143422.9339,156839.0266,155160.5537,137190.3602,147257.8763,140443.0606,139726.8879,160407.7544,163858.3671,161000.8006,163211.0043,170703.7037,177393.8275
"Sri Lanka",LKA,94801.52374,107846.7272,125494.1676,149202.0805,180358.838,220710.8452,240280.8198,316540.9004,353900.8325,427537.9831,465976.4378,498659.6913,522204.1264,565772.9235,621530.6379,662948.9299
Lesotho,LSO,4339.518656,4866.538531,5359.701049,6125.521938,6085.673016,7310.853649,7550.036053,8324.630671,9500.959034,10295.35323,11518.37794,13276.46641,14700.03686,15350.49419,15323.42489,16170.28753
Lituania,LTU,4875.243799,5395.103455,6314.445808,7355.95119,8978.204707,10211.91621,8503.866369,9051.107713,10342.13298,11182.29631,11846.93218,12475.01114,12856.06026,13558.83191,14947.05564,16237.86214
Luxemburgo,LUX,57985.05414,60981.94916,64560.94488,71531.52419,77457.11083,78028.40684,74282.40217,79253.52449,83273.64873,83082.07426,85577.81213,89561.03602,91407.02664,94271.32852,95272.14691,98779.63977
Letonia,LVA,4175.555463,4891.794168,6086.659856,7734.558054,10301.96494,11234.3668,8840.14103,8592.259083,9909.901836,10836.55071,11389.82693,11843.7758,12419.99629,12941.97966,13881.98881,15121.90337
Marruecos,MAR,16520.22544,17318.33343,17889.79821,19315.24482,20474.68719,22401.15775,23099.09496,23904.21812,24649.51382,25131.58066,26239.29112,26662.25492,28074.88154,28409.58143,29428.06437,30243.89737
Madagascar,MDG,456691.7813,531666.957,640041.7368,725707.1142,821985.9274,916287.1719,914603.9802,986371.1238,1075875.207,1137328.48,1194086.68,1281930.189,1370638.922,1511891.04,1605708.813,1758733.573
Maldivas,MDV,44492.5863,50450.31854,46591.57218,61567.52787,71352.98402,84661.23709,84946.07893,90581.27902,106469.4264,111634.7007,121834.2258,130723.6451,138810.547,141531.3567,147370.9189,158170.2176
Mexico,MEX,76336.16308,84469.91511,90209.23353,98837.15418,105377.1422,111481.4336,108148.1636,117153.3881,126760.1583,134878.4358,136982.0413,145272.6269,152407.475,163208.5168,175786.488,186410.1772
"Islas Marshall",MHL,2458.068318,2456.244952,2568.361142,2608.605448,2745.438975,2726.097483,2698.179556,2876.994997,3083.83188,3224.338382,3296.698163,3230.02326,3213.837288,3473.775006,3666.695374,3788.163594
"Macedonia del Norte",MKD,130851.5622,136499.4886,149711.713,162297.0136,180538.5427,200690.4615,200393.516,211178.5105,223975.3494,224995.396,241750.8683,253940.393,268814.7325,285856.7484,296881.4541,317278.6961
Mali,MLI,228135.5077,232534.2972,257841.2488,273251.0574,285973.7974,310901.2114,330010.496,351439.6267,394720.6214,397531.8625,397605.7188,418843.7968,444279.4099,462661.6487,481958.4652,497017.8747
Malta,MLT,12011.3872,12200.19705,12775.67947,13330.60815,14236.37746,15159.59707,15175.74282,16443.11724,16634.95055,17533.25977,18650.14363,20137.93797,22461.8413,23143.14483,24866.91593,25774.23917
Myanmar,MMR,160265.6733,186945.845,251006.833,341833.6486,470282.5279,585489.6376,674503.3146,786089.3652,908164.9182,996996.1702,1118782.717,1248295.387,1408783.656,1559047.436,1738187.876,1959814.677
Montenegro,MNE,2466.453361,2722.384989,2954.760273,3527.70863,4366.353562,5029.964228,4842.172171,5045.122274,5265.10493,5126.445172,5412.818915,5561.058844,5873.919689,6354.158665,6907.579538,7494.258526
Mongolia,MNG,740886.4161,945828.1761,1203838.206,1573968.453,1910944.931,2490814.368,2464899.02,3587118.184,4755249.819,5908034.645,6653583.133,7559944.832,7720812.597,7833787.335,8952561.252,10223690.1
Mozambique,MOZ,7754.816808,8654.738558,9612.052294,11057.83243,12460.15727,13697.0243,14320.60074,16025.91392,17283.20158,18659.37117,19991.4769,21130.77782,23584.03859,27046.47441,29338.75577,30362.34989
Mauritania,MRT,18882.93344,21326.87331,25785.60721,33831.30657,35093.41496,37624.42751,36451.50862,44444.42408,52843.75841,53843.03871,56891.90553,50770.25696,49482.37909,54154.28336,56487.64997,57115.27021
Mauricio,MUS,133751.9278,148163.727,155825.6526,180608.365,205876.7535,228477.7767,233885.8564,246286.7882,264009.8562,279201.3899,295869.4732,310929.8346,324640.7229,344103.1189,361534.3192,380348.4225
Malawi,MWI,26056.03256,30772.96835,34288.89146,41914.3929,46502.09275,54467.43819,61861.03564,72033.25646,83728.16467,97540.40181,126970.5338,157750.9573,190148.4852,226729.6992,260501.0339,279208.3475
Malasia,MYS,16955.02121,18818.40931,21158.62484,22776.31052,24900.1043,28269.52674,25702.39668,29120.56795,31822.08063,33412.91755,34565.76146,37046.21614,38880.2043,40726.92444,44118.58533,45909.16868
Namibia,NAM,19371.48735,21943.03201,23364.08219,26913.4786,30691.48508,34310.81186,36142.52303,38982.58627,41780.27608,48689.3508,52433.37912,58933.02604,62726.84526,66529.24504,70560.52852,72725.95685
Niger,NER,155615.3929,151077.0753,169631.59,175682.2748,186803.3684,213412.2113,218243.3866,235952.3264,241559.961,270464.6441,272914.1487,278774.1285,286287.5452,295179.3169,300765.6716,317952.6593
Nigeria,NGA,102781.7197,133934.4036,166506.1487,213101.8611,236954.689,265883.4905,281623.0519,344549.9221,387793.4176,432649.5585,471630.4366,510966.4393,525444.8306,551598.5084,601966.0334,659027.8433
Nicaragua,NIC,15190.58328,17208.67103,19448.94914,21552.79434,24498.8645,29043.48919,29377.98906,32117.25831,37130.19684,41453.22561,44788.6285,50206.15417,55872.34302,60320.83889,64884.63716,63754.87916
"Paises Bajos",NLD,31605.57505,32507.87276,33755.35881,35760.57679,37796.45282,39353.88648,37799.59672,38469.56623,38959.81052,38971.49991,39302.90533,39819.72615,40732.65268,41592.7152,43087.57493,44916.66021
Noruega,NOR,354965.0537,388295.9379,430426.5079,475535.4211,499064.9062,546764.6992,502923.7526,530035.8828,563826.6471,590616.6952,604616.5237,611382.55,599615.2725,591868.7085,624483.984,664705.5413
Nepal,NPL,19625.75304,21115.76916,22894.67653,25092.71122,27587.40701,30587.279,36761.23694,44155.2082,50550.34612,56589.54462,62969.64556,73012.41237,78850.5323,82651.12336,96806.77416,108407.1884
"Nueva Zelandia",NZL,35881.50576,37812.59939,39414.83829,41129.8571,44237.89005,44516.64397,45154.55771,46770.17491,48654.65328,49350.06012,52389.41041,53706.01149,55374.3717,57612.71627,60306.63969,62073.74509
Oman,OMN,3485.994189,3893.511126,4758.992955,5544.676129,6089.900719,8512.70863,6468.74916,7194.985586,8027.124998,8410.022486,8022.896954,7703.524393,6163.00113,5620.902887,5817.685224,6352.394587
Pakistan,PAK,35105.47122,39598.74253,44454.24721,50091.62547,55061.61934,61973.98684,75201.03235,82859.27684,99685.7259,107039.4175,117041.2797,128868.026,137609.3881,142788.4929,153548.8783,163118.993
Panama,PAN,4267.303325,4592.152614,4916.914994,5348.895292,6166.180721,7154.274496,7576.140467,8082.028459,9358.251475,10722.28363,11889.12763,12796.07004,13630.30797,14343.96363,15150.34561,15592.57368
Peru,PER,7465.121762,8251.275792,8998.338306,10329.17307,11283.39439,12349.10319,12640.1334,14358.16042,16164.70269,17220.81712,18256.07031,18944.30705,19835.95144,20942.48625,21879.61143,22813.06574
Filipinas,PHL,56805.50243,62848.18927,68545.57335,74530.84385,80512.34361,88559.14854,90791.51548,100029.5079,106148.9624,113777.2728,121881.2868,131394.0497,136555.8597,145975.3832,157422.623,171259.8321
Palau,PLW,7772.386289,8314.602104,9628.072393,9845.568066,10381.96576,10601.14949,10255.55373,10356.05681,11096.70893,12040.69161,12559.19573,13710.98377,15876.46193,16646.84908,16066.19497,15660.6746
"Papua Nueva Guinea",PNG,2019.377373,1991.129473,2323.976201,3842.207379,4157.193974,4517.134409,4480.653298,5300.8743,5706.782846,5814.653909,6127.242378,7189.21705,7417.500328,7862.675356,8594.619204,9226.325261
Polonia,POL,22174.10116,24437.83916,25953.58183,28038.68576,31151.37868,33719.22379,35962.44698,38032.01205,41122.36329,42651.26252,43289.0514,45018.83432,47414.63869,49077.76482,52398.79177,55867.51723
Portugal,PRT,13965.99655,14522.16774,15095.4701,15800.79057,16644.59833,16963.41906,16598.4422,16987.52296,16679.62777,16005.52219,16303.6683,16638.07898,17350.05217,18061.1765,19023.44689,19952.12714
Paraguay,PRY,8771899.312,10034290.21,11389892.68,12798745.62,14981602.48,17633699.22,18001730.46,20644859.55,22310757.07,22934714.13,25607913.84,27232502.64,28141406.97,30163933.2,31918805.58,33278739.91
Qatar,QAT,125644.6285,153334.3776,187298.3629,216689.7589,238135.1801,292053.4711,215103.7796,245347.5035,299970.8615,309677.155,309585.1535,305244.8558,229462.1911,208073.5955,215214.7538,239905.3635
Rumania,ROU,8895.64754,11406.45042,13455.25978,16172.80747,20384.59354,26284.83229,26065.77827,26103.51496,27739.87459,29504.34078,31774.29717,33638.28451,35927.71983,38759.62599,43798.59082,48875.40381
"Federacion de Rusia",RUS,91312.54734,118189.1308,150570.9592,188166.8625,232817.3852,289170.2747,271787.1185,324177.2044,420492.5727,475576.6867,508586.3585,540965.6266,567513.6304,583714.7975,625454.22,712587.2747
Rwanda,RWA,134348.0624,158082.7379,185091.7653,202495.6053,240022.2477,297357.225,329568.5169,355717.0802,401526.3864,445749.529,467684.8624,507301.5306,541074.8161,586772.1992,642206.365,674554.3121
"Arabia Saudita",SAU,36037.37615,41944.27116,51677.94278,57615.85221,61896.05794,75293.45782,60424.28891,72234.57194,89046.75605,94662.59512,93167.79139,91739.63686,77354.74793,74547.36574,78014.04719,87521.11297
Sudan,SDN,1265.34779,1478.615893,1678.983402,1965.880111,2274.988106,2726.734982,2849.673216,3646.644388,4523.809894,6725.267707,9246.821705,12409.80914,14984.38319,14896.28945,20150.61427,23817.38009
Senegal,SEN,478746.9766,496879.1624,524267.4452,544278.3936,585842.7569,632269.4381,621980.6455,633448.2651,647269.7489,679030.3718,679640.3316,689610.1944,720834.0744,752551.1007,790679.989,814057.3949
Singapur,SGP,41342.6716,46663.94986,49867.5266,53655.80905,59429.38139,56606.56826,56619.62241,64407.59528,67783.38125,69416.44673,71283.3399,72937.48277,76502.97145,78508.29002,84115.79093,89275.42565
"Islas Salomon",SLB,5919.237971,6490.178589,7641.758775,8520.447828,9643.754115,10761.6815,11506.63553,12937.11792,14815.67659,15753.58232,16419.43868,16777.98048,17152.53068,17688.64307,18399.84403,19416.16707
"Sierra Leona",SLE,625591.1704,720084.3728,844768.9559,957849.4019,1075777.8,1217891.337,1324469.684,1598534.796,1949892.574,2460370.182,3105688.313,3233418.874,2985847.626,3153874.799,3687642.979,4235421.405
"El Salvador",SLV,2209.496508,2278.431843,2428.569512,2631.820415,2786.157922,2933.395675,2858.47963,2983.229771,3266.012062,3428.40718,3509.531493,3589.042193,3705.577946,3805.993666,3910.257193,4067.659449
Serbia,SRB,173068.6787,204498.5386,248207.3022,294274.3433,341863.9156,395694.8103,416912.4388,445808.1097,499338.8396,529242.5543,575254.6435,583480.0022,608144.8176,641539.4339,678077.5797,726510.0813
"Sudan del Sur",SSD,0,0,0,0,0,3491.409486,3090.240038,3539.653793,4532.531301,3480.232492,5249.434536,3902.319704,4035.447333,0,0,0
"Santo Tome y Principe",STP,6344.149187,7380.337199,9148.559744,10992.98186,12140.5009,16146.61641,17309.28609,20250.6157,22273.02004,25561.71827,29095.98737,32919.89928,35252.67002,37877.74529,39747.01909,40842.87571
Suriname,SUR,6792.192861,8218.904959,9808.573642,14261.06093,15769.36545,18753.79504,20335.95036,22665.67887,27004.15003,30363.21679,31027.14258,31257.3426,29254.06341,34500.94975,42212.02066,44888.16588
Eslovenia,SVN,12834.02289,13834.76364,14553.33236,15681.32084,17379.25457,18762.87429,17774.90711,17750.76187,18052.31525,17622.98004,17696.68191,18251.53105,18828.23229,19584.69465,20813.67536,22114.24162
Suecia,SWE,301795.2544,314692.1938,324609.5164,343776.9155,362947.5961,370107.0877,359322.6445,381054.9144,394520.1574,393207.1584,398179.1761,411786.7887,434777.9499,444925.2425,459856.1221,474516.4082
Seychelles,SYC,46040.75814,55971.62292,61008.80905,66315.88298,81450.73089,105191.1311,132110.7013,130388.7713,150913.1872,164426.7205,178040.0671,187383.6918,196318.0017,200707.9956,217087.8238,228020.9607
"Republica Arabe Siria",SYR,61679.57511,71062.51043,82044.74485,89456.52554,101509.2171,0,0,0,0,0,0,0,0,0,0,0
Chad,TCD,169678.4354,239588.6825,347234.8653,371129.1938,382717.5452,414504.7444,377968.2407,441637.9152,464055.4102,493888.0651,483928.9572,503774.7486,458791.8269,410941.9897,386687.3728,403337.4099
Togo,TGO,230172.7804,217964.7044,214363.5372,213179.5214,215259.9192,243672.1449,254244.9129,264242.1086,276668.7038,291939.5253,306908.6452,316465.9498,337528.8366,354064.7131,363544.2405,377688.49
Tailandia,THA,97867.01958,106996.6922,116399.4894,127645.0432,137141.3951,145900.8783,144446.2927,160847.3919,167464.1137,182165.0721,189526.0485,193315.9923,200008.1613,211574.7919,223762.2132,235718.2763
Tayikistan,TJK,727.8706398,925.6889683,1061.46108,1348.513208,1812.968236,2455.918435,2800.976489,3282.291322,3906.600966,4592.235901,4993.964467,5451.958134,5726.110678,6288.290324,6891.413638,7564.57895
Turkmenistan,TKM,2551.902027,3139.005158,3756.536238,4625.466907,5543.98733,10022.75837,11503.8996,12651.72109,16102.36399,19024.27912,20817.21833,22692.38143,22514.38246,22363.41943,23054.81611,24383.22394
Timor-Leste,TLS,517.787095,453.4788295,464.5216981,446.459773,523.7355171,614.4340085,676.6239992,806.4091016,947.5133203,1013.050025,1210.032646,1232.456096,1332.782859,1353.747925,1286.405751,1230.228191
Tonga,TON,4458.657534,4708.305716,5028.911141,5772.177837,5827.920375,6332.909972,6271.301376,6804.740061,7333.271856,7765.588834,7677.520439,7890.806509,8425.663568,9221.420308,9977.333869,10400.34982
"Trinidad y Tobago",TTO,55446.61367,64840.68031,77656.63809,89017.77429,104667.6566,133354.7366,91815.00912,106364.7322,121995.5724,123174.5286,129777.5726,129917.9648,116640.7605,107884.062,110086.8307,115983.2156
Tunez,TUN,3556.793843,3875.227156,4142.866203,4485.515155,4838.246063,5306.846758,5574.663295,5928.824952,6003.809389,6486.068685,6860.625963,7309.40349,7575.088223,7943.155426,8422.484811,9102.13084
Turquia,TUR,7144.440122,8697.876582,10018.27826,11573.50245,12757.84474,14239.93717,14110.38616,16144.24313,19129.27177,21184.39864,24015.03754,26606.85081,29937.08183,32905.32424,38639.10188,45655.10473
Uganda,UGA,478954.3054,572762.2737,579767.6431,637328.1222,718521.352,804996.682,1537257.37,1661668.628,1926148.335,2011777.785,2089982.4,2232755.904,2385553.508,2525172.26,2636334.848,2818871.418
Ucrania,UKR,5586.018131,7265.841638,9362.4753,11618.88703,15481.33703,20474.88284,19812.98595,23530.16272,28442.4048,30808.64307,32209.48203,36903.9624,46412.61096,55899.35858,70232.9947,84234.98175
Uruguay,URY,102233.9156,118275.6328,127948.1198,141740.537,164919.2512,190451.7421,213311.2115,240551.4591,274970.1078,308143.9875,347648.0058,391276.0431,426683.5818,464116.2705,496736.8274,530870.815
"Estados Unidos",USA,39496.48588,41712.80107,44114.74778,46298.73144,47975.9677,48382.55845,47099.98047,48467.51578,49886.81811,51610.60528,53117.66785,55064.74455,56839.38177,57951.58408,60062.22231,62996.47129
Uzbekistan,UZB,385017.7861,474050.1888,608529.8276,797519.6549,1049203.513,1427318.81,1778185.93,2592290.116,3304416.75,4038421.854,4779529.752,5759660.878,6715351.073,7614175.585,9340842.028,12339096.56
Vanuatu,VUT,193130.2429,199890.2644,206171.5771,226771.4699,245707.8807,274169.5742,282822.3603,287505.6623,292075.5152,290241.6443,295372.8057,299782.4835,305381.1825,313476.8081,332342.1246,344304.3597
Samoa,WSM,6044.662617,6725.970099,7020.809339,7772.507685,8199.519352,8934.96887,8651.65695,9050.714443,9390.740869,9255.080174,9225.305033,9145.838384,9874.973774,10740.12491,10801.06014,10749.43915
Sudafrica,ZAF,28377.3291,31223.78367,34236.28705,37934.01778,42946.09833,47591.16464,49679.58582,53654.26074,58142.62542,61586.31842,65934.57549,69764.0561,73120.59302,77558.30253,81641.09087,84353.25174
Zambia,ZMB,2061.153746,2573.87495,3136.684189,3775.757624,4499.97307,5221.508079,5853.010559,7145.085236,8131.505136,9075.06428,10138.40883,10847.77139,11548.38661,13206.09329,14611.16404,15858.56517
Zimbabwe,ZWE,478.007405,482.9984113,476.5553236,447.8549242,431.7871883,356.6933497,771.5987859,948.3318545,1093.654002,1304.969802,1430.000818,1434.89934,1445.071062,1464.583529,1548.170056,1683.740577
